Cidade;Polo Regional;Prazo de Entrega;Veículo de Rota
Américo Brasiliense;São Carlos;Até 24h;Fiat Strada
Araraquara;São Carlos;Até 24h;Fiat Strada
Araçatuba;Araçatuba;Até 24h;Fiat Strada
Ariranha;Catanduva;Até 24h;Van de Carga
Aspásia;Santa Fé do Sul;Até 24h;Van de Carga
Auriflama;Araçatuba;Até 24h;Fiat Strada
Barbosa;Penápolis;Até 24h;Caminhão VUC (Até 3,7m)
Barretos;Barretos;Até 24h;Fiat Strada
Barrinha;Ribeirão Preto;Até 24h;Caminhão VUC (Até 3,7m)
Bebedouro;Barretos;Até 24h;Fiat Strada
Bilac;Araçatuba;Até 48h;Fiat Strada
Birigui;Araçatuba;Até 24h;Fiat Strada
Borborema;Catanduva;Até 24h;Van de Carga
Brasitânia;Santa Fé do Sul;Até 24h;Van de Carga
Buritama;Araçatuba;Até 24h;Fiat Strada
Bálsamo;Santa Fé do Sul;Até 24h;Van de Carga
Cajobi;Barretos;Até 24h;Fiat Strada
Candido Rodrigues;São Carlos;Até 24h;Fiat Strada
Catanduva;Catanduva;Até 24h;Van de Carga
Catiguá;Catanduva;Até 24h;Van de Carga
Cedral;Catanduva;Até 24h;Van de Carga
Colina;Barretos;Até 24h;Fiat Strada
Coroados;Penápolis;Até 24h;Caminhão VUC (Até 3,7m)
Cosmorama;Santa Fé do Sul;Até 24h;Van de Carga
Cravinhos;Ribeirão Preto;Até 24h;Caminhão VUC (Até 3,7m)
Dirce Reis;Santa Fé do Sul;Até 24h;Van de Carga
Dobrada;São Carlos;Até 24h;Fiat Strada
Dolcinópolis;Santa Fé do Sul;Até 24h;Van de Carga
Dumont;Ribeirão Preto;Até 24h;Caminhão VUC (Até 3,7m)
Ecatu;Santa Fé do Sul;Até 24h;Van de Carga
Elisiário;Catanduva;Até 24h;Van de Carga
Embaúba;São Carlos;Até 24h;Fiat Strada
Estrela d'Oeste;Santa Fé do Sul;Até 24h;Van de Carga
Fernando Prestes;São Carlos;Até 24h;Fiat Strada
Fernandópolis;Santa Fé do Sul;Até 24h;Van de Carga
Floreal;Araçatuba;Até 24h;Fiat Strada
Gastão Vidigal;Araçatuba;Até 24h;Fiat Strada
General Salgado;Araçatuba;Até 24h;Fiat Strada
Glicério;Araçatuba;Até 24h;Fiat Strada
Guapiaçu;Barretos;Até 24h;Fiat Strada
Guarani d'Oeste;Santa Fé do Sul;Até 48h;Van de Carga
Guararapes;Araçatuba;Até 48h;Fiat Strada
Guariba;Ribeirão Preto;Até 24h;Caminhão VUC (Até 3,7m)
Ibaté;São Carlos;Até 24h;Fiat Strada
Ibirá;Catanduva;Até 24h;Van de Carga
Ibitinga;Catanduva;Até 24h;Van de Carga
Ida Iolanda;Araçatuba;Até 24h;Fiat Strada
Indiaporã;Santa Fé do Sul;Até 48h;Van de Carga
Irapuã;Catanduva;Até 24h;Van de Carga
Itaiúba;Araçatuba;Até 24h;Fiat Strada
Itajobi;Catanduva;Até 24h;Van de Carga
Itápolis;Catanduva;Até 24h;Van de Carga
Jaborandi;Barretos;Até 24h;Fiat Strada
Jaboticabal;Ribeirão Preto;Até 24h;Caminhão VUC (Até 3,7m)
Jaci;São José Do Rio Preto;Até 24h;Caminhão VUC (Até 3,7m)
Jales;Santa Fé do Sul;Até 24h;Van de Carga
Jardinópolis;Ribeirão Preto;Até 48h;Caminhão VUC (Até 3,7m)
José Bonifácio;Lins;Até 24h;Caminhão VUC (Até 3,7m)
Lins;Lins;Até 24h;Caminhão VUC (Até 3,7m)
Macaubal;Araçatuba;Até 24h;Fiat Strada
Macedônia;Santa Fé do Sul;Até 48h;Van de Carga
Magda;Araçatuba;Até 24h;Fiat Strada
Marapoama;Catanduva;Até 24h;Van de Carga
Matão;São Carlos;Até 24h;Fiat Strada
Mendonça;Lins;Até 48h;Caminhão VUC (Até 3,7m)
Meridiano;Santa Fé do Sul;Até 24h;Van de Carga
Mira Estrela;Santa Fé do Sul;Até 48h;Van de Carga
Mirassol;São José Do Rio Preto;Até 24h;Caminhão VUC (Até 3,7m)
Monte Alto;São Carlos;Até 24h;Fiat Strada
Monte Aprazível;Araçatuba;Até 24h;Fiat Strada
Monte Azul Paulista;Barretos;Até 24h;Fiat Strada
Monções;Araçatuba;Até 24h;Fiat Strada
Neves Paulista;Araçatuba;Até 24h;Fiat Strada
Nhandeara;Araçatuba;Até 24h;Fiat Strada
Nipoã;Araçatuba;Até 24h;Fiat Strada
Nova Aliança;Lins;Até 24h;Caminhão VUC (Até 3,7m)
Novais;São Carlos;Até 24h;Fiat Strada
Novo Horizonte;Catanduva;Até 24h;Van de Carga
Olímpia;Barretos;Até 24h;Fiat Strada
Ouroeste;Santa Fé do Sul;Até 48h;Van de Carga
Palmares Paulista;São Carlos;Até 24h;Fiat Strada
Palmeira d'Oeste;Santa Fé do Sul;Até 48h;Van de Carga
Paranapuã;Santa Fé do Sul;Até 24h;Van de Carga
Paraíso;São Carlos;Até 24h;Fiat Strada
Parisi;Santa Fé do Sul;Até 24h;Van de Carga
Pedranópolis;Santa Fé do Sul;Até 24h;Van de Carga
Penápolis;Penápolis;Até 24h;Caminhão VUC (Até 3,7m)
Pindorama;Catanduva;Até 24h;Van de Carga
Pirangi;São Carlos;Até 24h;Fiat Strada
Pitangueiras;Barretos;Até 24h;Fiat Strada
Planalto;Araçatuba;Até 24h;Fiat Strada
Poloni;Araçatuba;Até 24h;Fiat Strada
Pontal;Ribeirão Preto;Até 24h;Caminhão VUC (Até 3,7m)
Pontalinda;Santa Fé do Sul;Até 48h;Van de Carga
Populina;Santa Fé do Sul;Até 48h;Van de Carga
Potirendaba;Catanduva;Até 24h;Van de Carga
Pradópolis;Ribeirão Preto;Até 24h;Caminhão VUC (Até 3,7m)
Promissão;Lins;Até 24h;Caminhão VUC (Até 3,7m)
Ribeirão Preto;Ribeirão Preto;Até 24h;Caminhão VUC (Até 3,7m)
Rubinéia;Santa Fé do Sul;Até 48h;Van de Carga
Santa Adélia;Catanduva;Até 24h;Van de Carga
Santa Albertina;Santa Fé do Sul;Até 48h;Van de Carga
Santa Clara d'Oeste;Santa Fé do Sul;Até 48h;Van de Carga
Santa Ernestina;São Carlos;Até 24h;Fiat Strada
Santa Fé do Sul;Santa Fé do Sul;Até 24h;Van de Carga
Santa Rita d'Oeste;Santa Fé do Sul;Até 48h;Van de Carga
Santa Salete;Santa Fé do Sul;Até 24h;Van de Carga
Santana da Ponte Pensa;Santa Fé do Sul;Até 24h;Van de Carga
Santo Antônio do Aracanguá;Araçatuba;Até 24h;Fiat Strada
Serrana;Ribeirão Preto;Até 48h;Caminhão VUC (Até 3,7m)
Sertãozinho;Ribeirão Preto;Até 24h;Caminhão VUC (Até 3,7m)
Severínia;Barretos;Até 24h;Fiat Strada
Simonsen;Santa Fé do Sul;Até 24h;Van de Carga
São Carlos;São Carlos;Até 24h;Fiat Strada
São Francisco;Santa Fé do Sul;Até 48h;Van de Carga
São José do Rio Preto;São José Do Rio Preto;Até 24h;Caminhão VUC (Até 3,7m)
São João das Duas Pontes;Santa Fé do Sul;Até 24h;Van de Carga
São Luís de Japiúba;Araçatuba;Até 24h;Fiat Strada
Tabapuã;São Carlos;Até 24h;Fiat Strada
Tabatinga;Catanduva;Até 48h;Van de Carga
Tanabi;Santa Fé do Sul;Até 24h;Van de Carga
Taquaritinga;São Carlos;Até 24h;Fiat Strada
Terra Roxa;Barretos;Até 24h;Fiat Strada
Três Fronteiras;Santa Fé do Sul;Até 24h;Van de Carga
Turiúba;Araçatuba;Até 24h;Fiat Strada
Turmalina;Santa Fé do Sul;Até 48h;Van de Carga
Ubarana;Lins;Até 48h;Caminhão VUC (Até 3,7m)
Uchoa;São Carlos;Até 24h;Fiat Strada
União Paulista;Araçatuba;Até 24h;Fiat Strada
Urupês;Catanduva;Até 24h;Van de Carga
Urânia;Santa Fé do Sul;Até 24h;Van de Carga
Valentim Gentil;Santa Fé do Sul;Até 24h;Van de Carga
Viradouro;Barretos;Até 24h;Fiat Strada
Vista Alegre do Alto;São Carlos;Até 24h;Fiat Strada
Vitória Brasil;Santa Fé do Sul;Até 24h;Van de Carga
Votuporanga;Santa Fé do Sul;Até 24h;Van de Carga
Zacarias;Araçatuba;Até 24h;Fiat Strada
Álvares Florence;Santa Fé do Sul;Até 24h;Van de Carga
